id,title,casts,rating,address
1292052,肖申克的救赎,"蒂姆·罗宾斯,摩根·弗里曼,鲍勃·冈顿",9.7,https://movie.douban.com/subject/1292052/
1291546,霸王别姬,"张国荣,张丰毅,巩俐",9.6,https://movie.douban.com/subject/1291546/
1292720,阿甘正传,"汤姆·汉克斯,罗宾·怀特,加里·西尼斯",9.5,https://movie.douban.com/subject/1292720/
1295644,这个杀手不太冷,"让·雷诺,娜塔莉·波特曼,加里·奥德曼",9.4,https://movie.douban.com/subject/1295644/
1292063,美丽人生,"罗伯托·贝尼尼,尼可莱塔·布拉斯基,乔治·坎塔里尼",9.5,https://movie.douban.com/subject/1292063/
1292722,泰坦尼克号,"莱昂纳多·迪卡普里奥,凯特·温丝莱特,比利·赞恩",9.4,https://movie.douban.com/subject/1292722/
1291561,千与千寻,"柊瑠美,入野自由,夏木真理",9.4,https://movie.douban.com/subject/1291561/
1295124,辛德勒的名单,"连姆·尼森,本·金斯利,拉尔夫·费因斯",9.5,https://movie.douban.com/subject/1295124/
3541415,盗梦空间,"莱昂纳多·迪卡普里奥,约瑟夫·高登-莱维特,艾伦·佩吉",9.3,https://movie.douban.com/subject/3541415/
3011091,忠犬八公的故事,"理查·基尔,萨拉·罗默尔,琼·艾伦",9.4,https://movie.douban.com/subject/3011091/
1292001,海上钢琴师,"蒂姆·罗斯,普路特·泰勒·文斯,比尔·努恩",9.3,https://movie.douban.com/subject/1292001/
1292064,楚门的世界,"金·凯瑞,劳拉·琳妮,艾德·哈里斯",9.3,https://movie.douban.com/subject/1292064/
3793023,三傻大闹宝莱坞,"阿米尔·汗,卡琳娜·卡普尔,马达范",9.2,https://movie.douban.com/subject/3793023/
2131459,机器人总动员,"本·贝尔特,艾丽莎·奈特,杰夫·格尔林",9.3,https://movie.douban.com/subject/2131459/
1291549,放牛班的春天,"热拉尔·朱尼奥,弗朗索瓦·贝莱昂,凯德·麦拉德",9.3,https://movie.douban.com/subject/1291549/
1889243,星际穿越,"马修·麦康纳,安妮·海瑟薇,杰西卡·查斯坦",9.3,https://movie.douban.com/subject/1889243/
1292213,大话西游之大圣娶亲,"周星驰,吴孟达,朱茵",9.2,https://movie.douban.com/subject/1292213/
5912992,熔炉,"孔侑,郑有美,金贤秀",9.3,https://movie.douban.com/subject/5912992/
25662329,疯狂动物城,"金妮弗·古德温,杰森·贝特曼,伊德里斯·艾尔巴",9.2,https://movie.douban.com/subject/25662329/
1307914,无间道,"刘德华,梁朝伟,黄秋生",9.2,https://movie.douban.com/subject/1307914/
1291560,龙猫,"日高法子,坂本千夏,糸井重里",9.2,https://movie.douban.com/subject/1291560/
1291841,教父,"马龙·白兰度,阿尔·帕西诺,詹姆斯·肯恩",9.3,https://movie.douban.com/subject/1291841/
1849031,当幸福来敲门,"威尔·史密斯,贾登·史密斯,坦迪·牛顿",9.1,https://movie.douban.com/subject/1849031/
3319755,怦然心动,"玛德琳·卡罗尔,卡兰·麦克奥利菲,瑞贝卡·德·莫妮",9.1,https://movie.douban.com/subject/3319755/
6786002,触不可及,"弗朗索瓦·克鲁塞,奥玛·希,安娜·勒尼",9.2,https://movie.douban.com/subject/6786002/
1851857,蝙蝠侠：黑暗骑士,"克里斯蒂安·贝尔,希斯·莱杰,艾伦·艾克哈特",9.2,https://movie.douban.com/subject/1851857/
1296141,控方证人,"泰隆·鲍华,玛琳·黛德丽,查尔斯·劳顿",9.6,https://movie.douban.com/subject/1296141/
1292365,活着,"葛优,巩俐,姜武",9.2,https://movie.douban.com/subject/1292365/
1300267,乱世佳人,"费雯·丽,克拉克·盖博,奥利维娅·德哈维兰",9.3,https://movie.douban.com/subject/1300267/
20495023,寻梦环游记,"安东尼·冈萨雷斯,盖尔·加西亚·贝纳尔,本杰明·布拉特",9.1,https://movie.douban.com/subject/20495023/
1293172,末代皇帝,"尊龙,陈冲,邬君梅",9.2,https://movie.douban.com/subject/1293172/
26387939,摔跤吧！爸爸,"阿米尔·汗,法缇玛·萨那·纱卡,桑亚·玛荷塔",9.0,https://movie.douban.com/subject/26387939/
1291552,指环王3：王者无敌,"伊利亚·伍德,西恩·奥斯汀,维果·莫腾森",9.2,https://movie.douban.com/subject/1291552/
30170448,何以为家,"赞恩·阿尔·拉菲亚,约丹诺斯·希费罗,博鲁瓦蒂夫·特雷杰·班科尔",9.1,https://movie.douban.com/subject/30170448/
1929463,少年派的奇幻漂流,"苏拉·沙玛,伊尔凡·可汗,拉菲·斯波",9.1,https://movie.douban.com/subject/1929463/
2129039,飞屋环游记,"爱德华·阿斯纳,克里斯托弗·普卢默,乔丹·长井",9.0,https://movie.douban.com/subject/2129039/
1293182,十二怒汉,"亨利·方达,马丁·鲍尔萨姆,约翰·菲德勒",9.4,https://movie.douban.com/subject/1293182/
1291858,鬼子来了,"姜文,香川照之,袁丁",9.2,https://movie.douban.com/subject/1291858/
1291583,天空之城,"田中真弓,横泽启子,初井言荣",9.1,https://movie.douban.com/subject/1291583/
21937452,素媛,"薛景求,严志媛,李来",9.2,https://movie.douban.com/subject/21937452/
1308807,哈尔的移动城堡,"倍赏千惠子,木村拓哉,美轮明宏",9.1,https://movie.douban.com/subject/1308807/
1299398,大话西游之月光宝盒,"周星驰,吴孟达,罗家英",9.0,https://movie.douban.com/subject/1299398/
1291828,天堂电影院,"安东内拉·阿蒂利,恩佐·卡拉瓦勒,艾萨·丹尼埃利",9.2,https://movie.douban.com/subject/1291828/
1293839,罗马假日,"奥黛丽·赫本,格利高里·派克,埃迪·艾伯特",9.0,https://movie.douban.com/subject/1293839/
1298624,闻香识女人,"阿尔·帕西诺,克里斯·奥唐纳,詹姆斯·瑞布霍恩",9.1,https://movie.douban.com/subject/1298624/
1295038,哈利·波特与魔法石,"丹尼尔·雷德克里夫,艾玛·沃森,鲁伯特·格林特",9.0,https://movie.douban.com/subject/1295038/
21937445,辩护人,"宋康昊,金英爱,吴达洙",9.2,https://movie.douban.com/subject/21937445/
26752088,我不是药神,"徐峥,王传君,周一围",9.0,https://movie.douban.com/subject/26752088/
1292000,搏击俱乐部,"爱德华·诺顿,布拉德·皮特,海伦娜·伯翰·卡特",9.0,https://movie.douban.com/subject/1292000/
1291548,死亡诗社,"罗宾·威廉姆斯,罗伯特·肖恩·莱纳德,伊桑·霍克",9.1,https://movie.douban.com/subject/1291548/
1299131,教父2,"阿尔·帕西诺,罗伯特·杜瓦尔,黛安·基顿",9.2,https://movie.douban.com/subject/1299131/
1301753,狮子王,"乔纳森·泰勒·托马斯,马修·布罗德里克,杰瑞米·艾恩斯",9.0,https://movie.douban.com/subject/1301753/
1291572,指环王2：双塔奇兵,"伊利亚·伍德,西恩·奥斯汀,多米尼克·莫纳汉",9.1,https://movie.douban.com/subject/1291572/
1418019,大闹天宫,"邱岳峰,富润生,毕克",9.3,https://movie.douban.com/subject/1418019/
1900841,窃听风暴,"乌尔里希·穆埃,马蒂娜·格德克,塞巴斯蒂安·科赫",9.1,https://movie.douban.com/subject/1900841/
1305487,猫鼠游戏,"莱昂纳多·迪卡普里奥,汤姆·汉克斯,克里斯托弗·沃肯",9.0,https://movie.douban.com/subject/1305487/
1291571,指环王1：魔戒再现,"伊利亚·伍德,西恩·奥斯汀,伊恩·麦克莱恩",9.0,https://movie.douban.com/subject/1291571/
1293350,两杆大烟枪,"杰森·弗莱明,德克斯特·弗莱彻,尼克·莫兰",9.1,https://movie.douban.com/subject/1293350/
1306029,美丽心灵,"罗素·克劳,艾德·哈里斯,詹妮弗·康纳利",9.0,https://movie.douban.com/subject/1306029/
1296736,钢琴家,"艾德里安·布洛迪,托马斯·克莱舒曼,艾米莉娅·福克斯",9.2,https://movie.douban.com/subject/1296736/
1291818,饮食男女,"郎雄,杨贵媚,吴倩莲",9.1,https://movie.douban.com/subject/1291818/
1291843,黑客帝国,"基努·里维斯,劳伦斯·菲什伯恩,凯瑞-安·莫斯",9.0,https://movie.douban.com/subject/1291843/
1292224,飞越疯人院,"杰克·尼科尔森,丹尼·德维托,克里斯托弗·洛伊德",9.1,https://movie.douban.com/subject/1292224/
1485260,本杰明·巴顿奇事,"凯特·布兰切特,布拉德·皮特,朱莉娅·奥蒙德",8.9,https://movie.douban.com/subject/1485260/
1309046,V字仇杀队,"娜塔莉·波特曼,雨果·维文,斯蒂芬·瑞",8.9,https://movie.douban.com/subject/1309046/
3742360,让子弹飞,"姜文,葛优,周润发",8.8,https://movie.douban.com/subject/3742360/
26580232,看不见的客人,"马里奥·卡萨斯,阿娜·瓦格纳,何塞·科罗纳多",8.8,https://movie.douban.com/subject/26580232/
1292402,西西里的美丽传说,"莫妮卡·贝鲁奇,朱塞佩·苏尔法罗,Luciano Federico",8.9,https://movie.douban.com/subject/1292402/
1303021,小鞋子,"法拉赫阿米尔·哈什米安,默罕默德·阿米尔·纳吉,巴哈丽·西迪奇",9.2,https://movie.douban.com/subject/1303021/
1292849,拯救大兵瑞恩,"汤姆·汉克斯,汤姆·塞兹摩尔,爱德华·伯恩斯",9.0,https://movie.douban.com/subject/1292849/
27060077,绿皮书,"维果·莫腾森,马赫沙拉·阿里,琳达·卡德里尼",8.9,https://movie.douban.com/subject/27060077/
3442220,海豚湾,"Richard O'Barry,路易·西霍尤斯,Hardy Jones",9.3,https://movie.douban.com/subject/3442220/
1292220,情书,"中山美穗,丰川悦司,酒井美纪",8.9,https://movie.douban.com/subject/1292220/
3008247,穿条纹睡衣的男孩,"阿萨·巴特菲尔德,维拉·法米加,卡拉·霍根",9.1,https://movie.douban.com/subject/3008247/
25958717,海蒂和爷爷,"阿努克·斯特芬,布鲁诺·甘茨,昆林·艾格匹",9.2,https://movie.douban.com/subject/25958717/
1294408,音乐之声,"朱莉·安德鲁斯,克里斯托弗·普卢默,埃琳诺·帕克",9.0,https://movie.douban.com/subject/1294408/
1292262,美国往事,"罗伯特·德尼罗,詹姆斯·伍兹,伊丽莎白·麦戈文",9.2,https://movie.douban.com/subject/1292262/
1780330,致命魔术,"休·杰克曼,克里斯蒂安·贝尔,迈克尔·凯恩",8.9,https://movie.douban.com/subject/1780330/
1291832,低俗小说,"约翰·特拉沃尔塔,乌玛·瑟曼,阿曼达·普拉莫",8.8,https://movie.douban.com/subject/1291832/
1292223,七宗罪,"摩根·弗里曼,布拉德·皮特,凯文·史派西",8.8,https://movie.douban.com/subject/1292223/
1293544,沉默的羔羊,"朱迪·福斯特,安东尼·霍普金斯,斯科特·格伦",8.8,https://movie.douban.com/subject/1293544/
1292343,蝴蝶效应,"阿什顿·库彻,梅洛拉·沃尔特斯,艾米·斯马特",8.8,https://movie.douban.com/subject/1292343/
2334904,禁闭岛,"莱昂纳多·迪卡普里奥,马克·鲁弗洛,本·金斯利",8.8,https://movie.douban.com/subject/2334904/
1292679,春光乍泄,"张国荣,梁朝伟,张震",8.9,https://movie.douban.com/subject/1292679/
1292656,心灵捕手,"马特·达蒙,罗宾·威廉姆斯,本·阿弗莱克",8.9,https://movie.douban.com/subject/1292656/
11525673,布达佩斯大饭店,"拉尔夫·费因斯,托尼·雷沃罗利,艾德里安·布洛迪",8.8,https://movie.douban.com/subject/11525673/
1787291,被嫌弃的松子的一生,"中谷美纪,永山瑛太,香川照之",8.9,https://movie.douban.com/subject/1787291/
1652587,阿凡达,"萨姆·沃辛顿,佐伊·索尔达娜,西格妮·韦弗",8.7,https://movie.douban.com/subject/1652587/
1294371,摩登时代,"查理·卓别林,宝莲·高黛,亨利·伯格曼",9.3,https://movie.douban.com/subject/1294371/
1292370,剪刀手爱德华,"约翰尼·德普,薇诺娜·瑞德,黛安·韦斯特",8.7,https://movie.douban.com/subject/1292370/
1294639,勇敢的心,"梅尔·吉布森,苏菲·玛索,布莱恩·考克斯",8.9,https://movie.douban.com/subject/1294639/
1292215,天使爱美丽,"奥黛丽·塔图,马修·卡索维茨,吕菲斯",8.7,https://movie.douban.com/subject/1292215/
1302425,喜剧之王,"周星驰,张柏芝,莫文蔚",8.7,https://movie.douban.com/subject/1302425/
1297192,致命ID,"约翰·库萨克,雷·利奥塔,阿曼达·皮特",8.8,https://movie.douban.com/subject/1297192/
1298070,加勒比海盗,"约翰尼·德普,杰弗里·拉什,奥兰多·布鲁姆",8.8,https://movie.douban.com/subject/1298070/
1418834,断背山,"希斯·莱杰,杰克·吉伦哈尔,米歇尔·威廉姆斯",8.8,https://movie.douban.com/subject/1418834/
3011235,哈利·波特与死亡圣器(下),"丹尼尔·雷德克里夫,艾玛·沃森,鲁伯特·格林特",8.8,https://movie.douban.com/subject/3011235/
1300299,杀人回忆,"宋康昊,金相庆,金雷夏",8.8,https://movie.douban.com/subject/1300299/
6985810,狩猎,"麦斯·米科尔森,托玛斯·博·拉森,安妮卡·韦德科普",9.1,https://movie.douban.com/subject/6985810/
26799731,请以你的名字呼唤我,"艾米·汉莫,蒂莫西·柴勒梅德,迈克尔·斯图巴",8.9,https://movie.douban.com/subject/26799731/
1297359,幽灵公主,"松田洋治,石田百合子,田中裕子",8.9,https://movie.douban.com/subject/1297359/
1291875,阳光灿烂的日子,"夏雨,宁静,陶虹",8.8,https://movie.douban.com/subject/1291875/
25814705,小森林 夏秋篇,"桥本爱,三浦贵大,松冈茉优",9.0,https://movie.douban.com/subject/25814705/
1291999,重庆森林,"林青霞,金城武,梁朝伟",8.7,https://movie.douban.com/subject/1291999/
2149806,入殓师,"本木雅弘,广末凉子,山崎努",8.8,https://movie.douban.com/subject/2149806/
1297630,第六感,"布鲁斯·威利斯,海利·乔·奥斯蒙,托妮·科莱特",8.9,https://movie.douban.com/subject/1297630/
10777687,7号房的礼物,"柳承龙,朴信惠,郑镇荣",8.9,https://movie.douban.com/subject/10777687/
1865703,红辣椒,"林原惠美,江守彻,堀胜之祐",9.0,https://movie.douban.com/subject/1865703/
21318488,消失的爱人,"本·阿弗莱克,裴淳华,尼尔·帕特里克·哈里斯",8.7,https://movie.douban.com/subject/21318488/
25814707,小森林 冬春篇,"桥本爱,三浦贵大,松冈茉优",9.0,https://movie.douban.com/subject/25814707/
1296339,爱在黎明破晓前,"伊桑·霍克,朱莉·德尔佩,安德莉亚·埃克特",8.8,https://movie.douban.com/subject/1296339/
1292434,一一,"吴念真,李凯莉,金燕玲",9.0,https://movie.douban.com/subject/1292434/
1297052,侧耳倾听,"本名阳子,小林桂树,高山南",8.9,https://movie.douban.com/subject/1297052/
1306249,唐伯虎点秋香,"周星驰,巩俐,陈百祥",8.6,https://movie.douban.com/subject/1306249/
5322596,超脱,"艾德里安·布洛迪,马西娅·盖伊·哈登,詹姆斯·肯恩",8.9,https://movie.douban.com/subject/5322596/
3072124,玛丽和马克思,"托妮·科莱特,菲利普·塞默·霍夫曼,巴瑞·哈姆弗莱斯",8.9,https://movie.douban.com/subject/3072124/
1297447,倩女幽魂,"张国荣,王祖贤,午马",8.7,https://movie.douban.com/subject/1297447/
3395373,蝙蝠侠：黑暗骑士崛起,"克里斯蒂安·贝尔,汤姆·哈迪,安妮·海瑟薇",8.8,https://movie.douban.com/subject/3395373/
4268598,告白,"松隆子,冈田将生,木村佳乃",8.7,https://movie.douban.com/subject/4268598/
1291545,大鱼,"伊万·麦克格雷格,阿尔伯特·芬尼,比利·克鲁德普",8.8,https://movie.douban.com/subject/1291545/
1305164,甜蜜蜜,"黎明,张曼玉,杨恭如",8.8,https://movie.douban.com/subject/1305164/
4917726,阳光姐妹淘,"沈恩京,闵孝琳,姜素拉",8.8,https://movie.douban.com/subject/4917726/
1292337,无人知晓,"柳乐优弥,北浦爱,木村飞影",9.1,https://movie.douban.com/subject/1292337/
5989818,萤火之森,"佐仓绫音,内山昂辉,辻亲八",8.9,https://movie.douban.com/subject/5989818/
1316510,射雕英雄传之东成西就,"梁朝伟,林青霞,张国荣",8.7,https://movie.douban.com/subject/1316510/
2353023,驯龙高手,"杰伊·巴鲁切尔,杰拉德·巴特勒,克雷格·费格森",8.7,https://movie.douban.com/subject/2353023/
11026735,超能陆战队,"斯科特·安第斯,瑞恩·波特,丹尼尔·海尼",8.7,https://movie.douban.com/subject/11026735/
1292274,幸福终点站,"汤姆·汉克斯,凯瑟琳·泽塔-琼斯,斯坦利·图齐",8.8,https://movie.douban.com/subject/1292274/
4202302,借东西的小人阿莉埃蒂,"志田未来,神木隆之介,树木希林",8.8,https://movie.douban.com/subject/4202302/
1293359,菊次郎的夏天,"北野武,关口雄介,岸本加世子",8.8,https://movie.douban.com/subject/1293359/
1291990,爱在日落黄昏时,"伊桑·霍克,朱莉·德尔佩,弗农·多布切夫",8.8,https://movie.douban.com/subject/1291990/
21360417,恐怖直播,"河正宇,李璟荣,全慧珍",8.8,https://movie.douban.com/subject/21360417/
1300992,完美的世界,"凯文·科斯特纳,劳拉·邓恩,克林特·伊斯特伍德",9.1,https://movie.douban.com/subject/1300992/
3287562,神偷奶爸,"史蒂夫·卡瑞尔,杰森·席格尔,拉塞尔·布兰德",8.6,https://movie.douban.com/subject/3287562/
1291579,怪兽电力公司,"约翰·古德曼,比利·克里斯托,玛丽·吉布斯",8.7,https://movie.douban.com/subject/1291579/
1291543,功夫,"周星驰,元秋,元华",8.6,https://movie.douban.com/subject/1291543/
26874505,人生果实,"津端修一,津端英子,树木希林",9.5,https://movie.douban.com/subject/26874505/
1858711,玩具总动员3,"汤姆·汉克斯,蒂姆·艾伦,琼·库萨克",8.8,https://movie.douban.com/subject/1858711/
26325320,血战钢锯岭,"安德鲁·加菲尔德,萨姆·沃辛顿,文斯·沃恩",8.7,https://movie.douban.com/subject/26325320/
1418200,傲慢与偏见,"凯拉·奈特莉,马修·麦克费登,唐纳德·萨瑟兰",8.6,https://movie.douban.com/subject/1418200/
1291585,风之谷,"岛本须美,松田洋治,榊原良子",8.9,https://movie.douban.com/subject/1291585/
10577869,时空恋旅人,"多姆纳尔·格里森,瑞秋·麦克亚当斯,比尔·奈伊",8.7,https://movie.douban.com/subject/10577869/
1428581,天书奇谭,"丁建华,毕克,苏秀",9.2,https://movie.douban.com/subject/1428581/
1294240,教父3,"阿尔·帕西诺,黛安·基顿,塔莉娅·夏尔",8.9,https://movie.douban.com/subject/1294240/
1292208,上帝之城,"亚历桑德雷·罗德里格斯,莱安德鲁·菲尔米诺,菲利佩·哈根森",8.9,https://movie.douban.com/subject/1292208/
1417598,电锯惊魂,"雷·沃纳尔,加利·艾尔维斯,丹尼·格洛弗",8.7,https://movie.douban.com/subject/1417598/
1303037,喜宴,"赵文瑄,郎雄,归亚蕾",8.9,https://movie.douban.com/subject/1303037/
6307447,被解救的姜戈,"杰米·福克斯,莱昂纳多·迪卡普里奥,克里斯托弗·瓦尔兹",8.7,https://movie.douban.com/subject/6307447/
1297574,英雄本色,"周润发,狄龙,张国荣",8.7,https://movie.douban.com/subject/1297574/
1295399,七武士,"三船敏郎,志村乔,津岛惠子",9.2,https://movie.douban.com/subject/1295399/
1307315,哪吒闹海,"梁正晖,邱岳峰,毕克",9.1,https://movie.douban.com/subject/1307315/
1578507,谍影重重3,"马特·达蒙,朱丽娅·斯蒂尔斯,大卫·斯特雷泽恩",8.8,https://movie.douban.com/subject/1578507/
3792799,岁月神偷,"吴君如,任达华,钟绍图",8.7,https://movie.douban.com/subject/3792799/
1306861,我是山姆,"西恩·潘,达科塔·范宁,米歇尔·菲佛",8.9,https://movie.douban.com/subject/1306861/
25986180,釜山行,"孔侑,郑有美,马东锡",8.5,https://movie.douban.com/subject/25986180/
4920389,头号玩家,"泰伊·谢里丹,奥利维亚·库克,本·门德尔森",8.7,https://movie.douban.com/subject/4920389/
1295409,纵横四海,"周润发,张国荣,钟楚红",8.8,https://movie.douban.com/subject/1295409/
1907966,疯狂原始人,"尼古拉斯·凯奇,艾玛·斯通,瑞恩·雷诺兹",8.7,https://movie.douban.com/subject/1907966/
26611804,三块广告牌,"弗兰西斯·麦克多蒙德,伍迪·哈里森,山姆·洛克威尔",8.7,https://movie.douban.com/subject/26611804/
25917973,心迷宫,"霍卫民,王笑天,罗芸",8.7,https://movie.douban.com/subject/25917973/
1291544,哈利·波特与阿兹卡班的囚徒,"丹尼尔·雷德克里夫,艾玛·沃森,鲁伯特·格林特",8.7,https://movie.douban.com/subject/1291544/
1793929,达拉斯买家俱乐部,"马修·麦康纳,詹妮弗·加纳,杰瑞德·莱托",8.8,https://movie.douban.com/subject/1793929/
1293318,萤火虫之墓,"辰己努,白石绫乃,志乃原良子",8.7,https://movie.douban.com/subject/1293318/
24750126,荒蛮故事,"达里奥·格兰迪内蒂,玛丽娅·玛努尔,莫妮卡·比利亚",8.8,https://movie.douban.com/subject/24750126/
1291822,卢旺达饭店,"唐·钱德尔,苏菲·奥康内多,华金·菲尼克斯",8.9,https://movie.douban.com/subject/1291822/
1292401,真爱至上,"休·格兰特,科林·费尔斯,艾玛·汤普森",8.6,https://movie.douban.com/subject/1292401/
2209573,贫民窟的百万富翁,"戴夫·帕特尔,沙鲁巴·舒克拉,亚尼·卡普",8.6,https://movie.douban.com/subject/2209573/
1292328,东邪西毒,"张国荣,林青霞,梁朝伟",8.6,https://movie.douban.com/subject/1292328/
26683290,你的名字。,"神木隆之介,上白石萌音,长泽雅美",8.4,https://movie.douban.com/subject/26683290/
1304447,记忆碎片,"盖·皮尔斯,凯瑞-安·莫斯,乔·潘托里亚诺",8.6,https://movie.douban.com/subject/1304447/
1291557,花样年华,"梁朝伟,张曼玉,潘迪华",8.7,https://movie.douban.com/subject/1291557/
25773932,爆裂鼓手,"迈尔斯·特勒,J·K·西蒙斯,保罗·雷瑟",8.7,https://movie.douban.com/subject/25773932/
1978709,黑天鹅,"娜塔莉·波特曼,米拉·库尼斯,文森特·卡索",8.6,https://movie.douban.com/subject/1978709/
26628357,一个叫欧维的男人决定去死,"罗夫·拉斯加德,巴哈·帕斯,托比亚斯·阿姆博瑞",8.8,https://movie.douban.com/subject/26628357/
1959195,忠犬八公物语,"山本圭,井川比佐志,片桐入",9.2,https://movie.douban.com/subject/1959195/
1302467,黑客帝国3：矩阵革命,"基努·里维斯,劳伦斯·菲什伯恩,凯瑞-安·莫斯",8.8,https://movie.douban.com/subject/1302467/
10463953,模仿游戏,"本尼迪克特·康伯巴奇,凯拉·奈特莉,马修·古迪",8.7,https://movie.douban.com/subject/10463953/
1296996,哈利·波特与密室,"丹尼尔·雷德克里夫,艾玛·沃森,鲁伯特·格林特",8.6,https://movie.douban.com/subject/1296996/
10533913,头脑特工队,"艾米·波勒,菲利丝·史密斯,理查德·坎德",8.7,https://movie.douban.com/subject/10533913/
4848115,你看起来好像很好吃,"山口胜平,爱河里花子,加藤清史郎",8.9,https://movie.douban.com/subject/4848115/
1395091,未麻的部屋,"岩男润子,松本梨香,辻亲八",8.9,https://movie.douban.com/subject/1395091/
1291870,雨人,"达斯汀·霍夫曼,汤姆·克鲁斯,瓦莱丽亚·戈利诺",8.7,https://movie.douban.com/subject/1291870/
10437779,新世界,"李政宰,崔岷植,黄政民",8.8,https://movie.douban.com/subject/10437779/
6534248,无敌破坏王,"约翰·C·赖利,萨拉·西尔弗曼,杰克·麦克布瑞尔",8.7,https://movie.douban.com/subject/6534248/
25895901,海街日记,"绫濑遥,长泽雅美,夏帆",8.8,https://movie.douban.com/subject/25895901/
1291578,冰川时代,"雷·罗马诺,约翰·雷吉扎莫,丹尼斯·利瑞",8.6,https://movie.douban.com/subject/1291578/
1309163,恋恋笔记本,"瑞恩·高斯林,瑞秋·麦克亚当斯,吉娜·罗兰兹",8.5,https://movie.douban.com/subject/1309163/
1293181,惊魂记,"安东尼·博金斯,维拉·迈尔斯,约翰·加文",9.0,https://movie.douban.com/subject/1293181/
25980443,海边的曼彻斯特,"卡西·阿弗莱克,卢卡斯·赫奇斯,米歇尔·威廉姆斯",8.6,https://movie.douban.com/subject/25980443/
26430107,二十二,,8.7,https://movie.douban.com/subject/26430107/
25724855,房间,"布丽·拉尔森,雅各布·特伦布莱,肖恩·布里吉格斯",8.8,https://movie.douban.com/subject/25724855/
3011051,恐怖游轮,"梅利莎·乔治,利亚姆·海姆斯沃斯,迈克尔·多曼",8.5,https://movie.douban.com/subject/3011051/
1296909,虎口脱险,"路易·德·菲奈斯,布尔维尔,克劳迪奥·布鲁克",8.9,https://movie.douban.com/subject/1296909/
1307811,魔女宅急便,"高山南,佐久间玲,户田惠子",8.6,https://movie.douban.com/subject/1307811/
26787574,奇迹男孩,"雅各布·特伦布莱,朱莉娅·罗伯茨,伊扎贝拉·维多维奇",8.6,https://movie.douban.com/subject/26787574/
1302827,人工智能,"海利·乔·奥斯蒙,弗兰西丝·奥康纳,山姆·洛巴兹",8.6,https://movie.douban.com/subject/1302827/
1862151,疯狂的石头,"郭涛,刘桦,连晋",8.5,https://movie.douban.com/subject/1862151/
1293460,雨中曲,"吉恩·凯利,唐纳德·奥康纳,黛比·雷诺斯",9.0,https://movie.douban.com/subject/1293460/
1300374,绿里奇迹,"汤姆·汉克斯,大卫·摩斯,迈克·克拉克·邓肯",8.8,https://movie.douban.com/subject/1300374/
27622447,小偷家族,"中川雅也,安藤樱,松冈茉优",8.7,https://movie.douban.com/subject/27622447/
10808442,爱在午夜降临前,"伊桑·霍克,朱莉·德尔佩,肖姆斯·戴维-菲茨帕特里克",8.8,https://movie.douban.com/subject/10808442/
1291879,罗生门,"三船敏郎,京町子,森雅之",8.8,https://movie.douban.com/subject/1291879/
1291844,终结者2：审判日,"阿诺·施瓦辛格,琳达·汉密尔顿,爱德华·福隆",8.7,https://movie.douban.com/subject/1291844/
4739952,初恋这件小事,"平采娜·乐维瑟派布恩,马里奥·毛瑞尔,苏达拉·布查蓬",8.4,https://movie.douban.com/subject/4739952/
3443389,海洋,"皮尔斯·布鲁斯南,雅克·贝汉,姜文",9.1,https://movie.douban.com/subject/3443389/
1293964,魂断蓝桥,"费雯·丽,罗伯特·泰勒,露塞尔·沃特森",8.8,https://movie.douban.com/subject/1293964/
1308857,可可西里,"多布杰,张垒,奇道",8.8,https://movie.douban.com/subject/1308857/
1295865,燃情岁月,"布拉德·皮特,安东尼·霍普金斯,艾丹·奎因",8.8,https://movie.douban.com/subject/1295865/
1292226,2001太空漫游,"凯尔·杜拉,加里·洛克伍德,威廉姆·西尔维斯特",8.8,https://movie.douban.com/subject/1292226/
1937946,穿越时空的少女,"仲里依纱,石田卓也,板仓光隆",8.6,https://movie.douban.com/subject/1937946/
1293908,城市之光,"查理·卓别林,弗吉尼亚·切瑞尔,佛罗伦斯·李",9.3,https://movie.douban.com/subject/1293908/
1292329,牯岭街少年杀人事件,"张震,杨静怡,张国柱",8.8,https://movie.douban.com/subject/1292329/
1292287,新龙门客栈,"张曼玉,林青霞,梁家辉",8.6,https://movie.douban.com/subject/1292287/
1438652,无耻混蛋,"布拉德·皮特,梅拉尼·罗兰,克里斯托弗·瓦尔兹",8.6,https://movie.douban.com/subject/1438652/
26614893,完美陌生人,"马可·贾利尼,卡夏·斯穆特尼亚克,爱德华多·莱奥",8.5,https://movie.douban.com/subject/26614893/
3075287,源代码,"杰克·吉伦哈尔,维拉·法米加,米歇尔·莫纳汉",8.4,https://movie.douban.com/subject/3075287/
1828115,色，戒,"梁朝伟,汤唯,陈冲",8.5,https://movie.douban.com/subject/1828115/
1305690,阿飞正传,"张国荣,张曼玉,刘嘉玲",8.5,https://movie.douban.com/subject/1305690/
1303394,青蛇,"张曼玉,王祖贤,赵文卓",8.5,https://movie.douban.com/subject/1303394/
1760622,香水,"本·卫肖,艾伦·瑞克曼,蕾切儿·哈伍德",8.5,https://movie.douban.com/subject/1760622/
1867345,遗愿清单,"杰克·尼科尔森,摩根·弗里曼,西恩·海耶斯",8.6,https://movie.douban.com/subject/1867345/
1308767,谍影重重2,"马特·达蒙,弗朗卡·波滕特,布莱恩·考克斯",8.7,https://movie.douban.com/subject/1308767/
1428175,血钻,"莱昂纳多·迪卡普里奥,杰曼·翰苏,詹妮弗·康纳利",8.7,https://movie.douban.com/subject/1428175/
2363506,地球上的星星,"达席尔·萨法瑞,阿米尔·汗,塔奈·切赫达",8.9,https://movie.douban.com/subject/2363506/
27059130,大佛普拉斯,"庄益增,陈竹昇,戴立忍",8.7,https://movie.douban.com/subject/27059130/
1419936,战争之王,"尼古拉斯·凯奇,布丽姬·穆娜,杰瑞德·莱托",8.6,https://movie.douban.com/subject/1419936/
1304102,谍影重重,"马特·达蒙,弗朗卡·波滕特,克里斯·库珀",8.6,https://movie.douban.com/subject/1304102/
3592854,疯狂的麦克斯4：狂暴之路,"汤姆·哈迪,查理兹·塞隆,尼古拉斯·霍尔特",8.6,https://movie.douban.com/subject/3592854/
2222996,步履不停,"阿部宽,夏川结衣,江原由希子",8.8,https://movie.douban.com/subject/2222996/
25807345,彗星来的那一夜,"艾米丽·芭尔多尼,莫瑞·史特林,尼古拉斯·布兰登",8.5,https://movie.douban.com/subject/25807345/
1292528,猜火车,"伊万·麦克格雷格,艾文·布莱纳,约翰尼·李·米勒",8.5,https://movie.douban.com/subject/1292528/
2213597,朗读者,"凯特·温丝莱特,大卫·克劳斯,拉尔夫·费因斯",8.6,https://movie.douban.com/subject/2213597/
2297265,浪潮,"于尔根·福格尔,弗雷德里克·劳,马克思·雷迈特",8.7,https://movie.douban.com/subject/2297265/
1297518,九品芝麻官,"周星驰,吴孟达,张敏",8.5,https://movie.douban.com/subject/1297518/
26393561,小萝莉的猴神大叔,"萨尔曼·汗,哈莎莉·马洛特拉,卡琳娜·卡普尔",8.4,https://movie.douban.com/subject/26393561/
1309055,哈利·波特与火焰杯,"丹尼尔·雷德克里夫,艾玛·沃森,鲁伯特·格林特",8.5,https://movie.douban.com/subject/1309055/
6874403,再次出发之纽约遇见你,"凯拉·奈特莉,马克·鲁弗洛,亚当·莱文",8.6,https://movie.douban.com/subject/6874403/
1291568,东京物语,"笠智众,原节子,杉村春子",9.2,https://movie.douban.com/subject/1291568/
25954475,聚焦,"马克·鲁弗洛,迈克尔·基顿,瑞秋·麦克亚当斯",8.8,https://movie.douban.com/subject/25954475/
25921812,驴得水,"任素汐,大力,刘帅良",8.3,https://movie.douban.com/subject/25921812/
1397546,追随,"杰里米·西奥伯德,亚历克斯·霍,露西·拉塞尔",8.9,https://movie.douban.com/subject/1397546/
1300117,千钧一发,"伊桑·霍克,乌玛·瑟曼,裘德·洛",8.8,https://movie.douban.com/subject/1300117/
5964718,一次别离,"佩曼·莫阿迪,蕾拉·哈塔米,萨瑞·巴亚特",8.7,https://movie.douban.com/subject/5964718/
5300054,波西米亚狂想曲,"拉米·马雷克,本·哈迪,约瑟夫·梅泽罗",8.7,https://movie.douban.com/subject/5300054/
5908478,我爱你,"宋在浩,李顺载,尹秀晶",9.0,https://movie.douban.com/subject/5908478/
1291824,黑鹰坠落,"乔什·哈奈特,伊万·麦克格雷格,汤姆·塞兹摩尔",8.7,https://movie.douban.com/subject/1291824/
27615441,网络谜踪,"约翰·赵,米切尔·拉,黛博拉·梅辛",8.6,https://movie.douban.com/subject/27615441/
27191492,四个春天,"陆运坤,李桂贤,陆庆伟",8.9,https://movie.douban.com/subject/27191492/
1292233,发条橙,"马尔科姆·麦克道威尔,帕特里克·马基,迈克尔·贝茨",8.6,https://movie.douban.com/subject/1292233/
1304141,黑客帝国2：重装上阵,"基努·里维斯,劳伦斯·菲什伯恩,凯瑞-安·莫斯",8.6,https://movie.douban.com/subject/1304141/
